run_id,model,data,latent_dim,lr,betas_0,gate_weight,recon_weight,tc_weight,fm_weight,elapsed_s,status,metric__zero_ratio_real,metric__zero_ratio_synthetic,metric__zero_ratio_diff,metric__mean_real,metric__mean_synthetic,metric__mean_diff,metric__std_real,metric__std_synthetic,metric__std_diff,metric__skewness_real,metric__skewness_synthetic,metric__skewness_diff,metric__kurtosis_real,metric__kurtosis_synthetic,metric__kurtosis_diff,metric__quantile_10_diff,metric__quantile_25_diff,metric__quantile_50_diff,metric__quantile_75_diff,metric__quantile_90_diff,metric__quantile_95_diff,metric__quantile_99_diff,metric__mean_quantile_diff,metric__autocorr_mae,metric__wasserstein_distance,metric__kl_divergence,metric__mmd,metric__ps,metric__ds,metric__lps,metric__lds
0,zits-gan,m5,64,0.0001,0.0,1.0,20.0,0.0,2.0,242.1,ok,0.5921944315899667,0.5557046575342466,0.03648977405572007,1.310631466863153,2.2573567123287672,0.9467252454656143,3.6336956717358913,2.665055832644502,0.9686398390913893,11.503374271991726,0.5512967944199835,10.952077477571743,284.5672229888064,-1.215714990245398,285.7829379790518,0.0,0.0,0.0,4.0,3.0,1.0,7.0,2.142857142857143,0.07738549991263734,3.0866994116981727,0.45661539354479386,0.0020000000417893524,1.3720450113892555,0.026000000000000023,1.3437163960278034,0.469
1,zits-gan,m5,128,0.0001,0.0,10.0,5.0,0.5,0.5,362.1,ok,0.5921944315899667,0.7340109589041096,0.14181652731414296,1.310631466863153,1.0718252054794521,0.23880626138370076,3.6336956717358913,2.1718535837327764,1.4618420880031149,11.503374271991726,2.1338267615506195,9.369547510441107,284.5672229888064,4.2720267869136554,280.29519620189274,0.0,0.0,0.0,0.0,2.0,0.0,7.0,1.2857142857142858,0.17125059329915576,1.8807109492116116,0.2298592737040152,0.002000007015852191,1.3156898120999336,0.0040000000000000036,1.3411138306498527,0.45799999999999996
2,zits-gan,m5,128,0.0002,0.0,10.0,5.0,0.0,1.0,342.2,ok,0.5921944315899667,0.7621654794520548,0.16997104786208816,1.310631466863153,1.0227534246575343,0.28787804220561863,3.6336956717358913,2.13858744368078,1.4951082280551113,11.503374271991726,2.0693086337393596,9.434065638252367,284.5672229888064,3.5847475332422603,280.98247545556416,0.0,0.0,0.0,1.0,2.0,0.0,7.0,1.4285714285714286,0.12708104261936998,2.2051005121046146,0.24864118776946975,0.0020000000000218207,1.333457691669464,0.0,1.369551480257511,0.44699999999999995
3,zits-gan,m5,64,0.0001,0.5,10.0,10.0,2.0,2.0,269.4,ok,0.5921944315899667,0.584265205479452,0.007929226110514609,1.310631466863153,8.219308493150685,6.908677026287531,3.6336956717358913,10.237446449785672,6.603750778049781,11.503374271991726,0.5687653307788204,10.934608941212906,284.5672229888064,-1.5047713056313794,286.0719942944378,0.0,0.0,0.0,19.0,21.0,18.0,9.0,9.571428571428571,0.07407645017129792,16.85737963396641,3.989984509934586,0.0020000000000005794,1.358477410811186,0.0,1.363428433674574,0.48450000000000004
4,zits-gan,m5,32,0.0001,0.0,1.0,10.0,0.0,2.0,242.7,ok,0.5921944315899667,0.5883638356164383,0.0038305959735283057,1.310631466863153,0.7041791780821918,0.6064522887809611,3.6336956717358913,1.0326524764945288,2.6010431952413624,11.503374271991726,1.9615001158242389,9.541874156167488,284.5672229888064,7.090903820471741,277.47631916833467,0.0,0.0,0.0,0.0,1.0,3.0,11.0,2.142857142857143,0.06324206388429805,1.5031801266129448,0.90780373123378,0.0020000000000038338,1.3722174837708474,0.0,1.3484246709942818,0.2965
5,zits-gan,m5,32,0.0002,0.0,5.0,10.0,0.5,2.0,404.7,ok,0.5921944315899667,0.6344772602739726,0.0422828286840059,1.310631466863153,1.6182531506849316,0.3076216838217787,3.6336956717358913,3.0727457313190407,0.5609499404168505,11.503374271991726,2.0698310707538212,9.433543201237905,284.5672229888064,3.188819002502746,281.3784039863037,0.0,0.0,0.0,0.0,4.0,4.0,3.0,1.5714285714285714,0.12324404572609664,1.945173841160707,0.5249643473744416,0.002000000105986448,1.3796086824655533,0.0,1.3468342937767506,0.45599999999999996
6,zits-gan,m5,128,0.0001,0.0,1.0,1.0,0.5,0.5,279.2,ok,0.5921944315899667,0.5680076712328768,0.024186760357089887,1.310631466863153,10.336940273972603,9.02630880710945,3.6336956717358913,11.866211453765429,8.232515782029537,11.503374271991726,0.27881429001214364,11.224559981979583,284.5672229888064,-1.920180566498052,286.48740355530447,0.0,0.0,0.0,23.0,21.0,18.0,9.0,10.142857142857142,0.07811761068486214,21.01534993134578,7.380689591527089,0.00200000000456548,1.3693336480855942,0.0,1.347456595659256,0.499
7,zits-gan,m5,64,5e-05,0.5,10.0,1.0,0.0,1.0,537.7,ok,0.5921944315899667,0.7376887671232877,0.14549433553332103,1.310631466863153,0.6236942465753424,0.6869372202878105,3.6336956717358913,1.206896396318404,2.426799275417487,11.503374271991726,2.2001273467974816,9.303246925194244,284.5672229888064,6.280823857088562,278.28639913171787,0.0,0.0,0.0,0.0,0.0,3.0,11.0,2.0,0.059106882433159126,1.3737842298977858,0.5180926126845539,0.0020000000230372015,1.391665966796875,0.14549999999999996,1.373359918475151,0.39749999999999996
8,zits-gan,m5,64,0.0001,0.5,10.0,10.0,2.0,1.0,242.2,ok,0.5921944315899667,0.5709408219178083,0.02125360967215839,1.310631466863153,0.7169232876712329,0.59370817919192,3.6336956717358913,1.0321880799890024,2.6015075917468886,11.503374271991726,2.158987596963999,9.344386675027728,284.5672229888064,10.050461111601736,274.51676187720466,0.0,0.0,0.0,0.0,1.0,3.0,11.0,2.142857142857143,0.06039917025672341,1.5429442259394406,0.5416007824396507,0.0020000000502201003,1.3492340576827526,0.0,1.363971265977621,0.32399999999999995
9,zits-gan,m5,32,0.0002,0.0,5.0,5.0,0.0,0.5,246.5,ok,0.5921944315899667,0.5882202739726028,0.00397415761736386,1.310631466863153,9.001432876712329,7.6908014098491755,3.6336956717358913,10.894638099392164,7.260942427656273,11.503374271991726,0.423076794874188,11.080297477117538,284.5672229888064,-1.7582627443646779,286.3254857331711,0.0,0.0,0.0,21.0,21.0,18.0,9.0,9.857142857142858,0.0799981275553642,18.946647843783733,7.514602270483243,0.0020000002780464063,1.3615678608715533,0.0,1.3668190094947814,0.49650000000000005
10,zits-gan,m5,64,0.0001,0.0,1.0,5.0,0.5,2.0,519.5,ok,0.5921944315899667,0.5504536986301369,0.04174073295982972,1.310631466863153,0.781453698630137,0.5291777682330159,3.6336956717358913,1.0194283822252155,2.6142672895106758,11.503374271991726,1.5486796632211228,9.954694608770604,284.5672229888064,5.375170361159327,279.19205262764706,0.0,0.0,0.0,1.0,1.0,4.0,12.0,2.5714285714285716,0.07925361290059522,1.55856130649509,0.9094112685002099,0.0020000018457515156,1.3486551542401313,0.0,1.3815834009408952,0.38849999999999996
11,zits-gan,m5,64,5e-05,0.5,5.0,10.0,2.0,1.0,242.6,ok,0.5921944315899667,0.5941852054794521,0.001990773889485431,1.310631466863153,0.6658849315068494,0.6447465353563036,3.6336956717358913,0.9597556754832219,2.6739399962526695,11.503374271991726,1.6535651354475909,9.849809136544135,284.5672229888064,4.071002256669844,280.4962207321366,0.0,0.0,0.0,0.0,1.0,4.0,12.0,2.4285714285714284,0.06981276131389434,1.573004405611283,0.9670145245079831,0.002000000002620984,1.329415424311161,0.17049999999999998,1.3913960731387138,0.34850000000000003
12,zits-gan,m5,32,5e-05,0.0,10.0,10.0,2.0,1.0,242.3,ok,0.5921944315899667,0.570718904109589,0.02147552748037762,1.310631466863153,8.984555616438357,7.673924149575203,3.6336956717358913,10.618724291580671,6.98502861984478,11.503374271991726,0.40994382743277014,11.093430444558956,284.5672229888064,-1.7168770484574936,286.2841000372639,0.0,0.0,0.0,20.0,21.0,18.0,9.0,9.714285714285714,0.07855929362373294,18.016129002003286,6.937562398276098,0.0020000052807826337,1.3892698746681214,0.28400000000000003,1.3349422944307328,0.494
13,zits-gan,m5,32,5e-05,0.0,5.0,20.0,1.0,1.0,250.9,ok,0.5921944315899667,0.5717161643835617,0.020478267206405,1.310631466863153,7.247460821917808,5.936829355054655,3.6336956717358913,8.724993315017223,5.091297643281331,11.503374271991726,0.5105617919706122,10.992812480021113,284.5672229888064,-1.5006598684543258,286.0678828572607,0.0,0.0,0.0,15.0,17.0,16.0,8.0,8.0,0.07579389812288488,14.008920030063269,5.509209208830796,0.0020000000002332622,1.3874132013320923,0.0,1.3562039069652558,0.49250000000000005
14,zits-gan,m5,64,0.0002,0.0,10.0,5.0,1.0,2.0,456.3,ok,0.5921944315899667,0.8103934246575343,0.21819899306756763,1.310631466863153,1.2835293150684932,0.02710215179465969,3.6336956717358913,2.8894865930355875,0.7442090787003037,11.503374271991726,2.2010044664431088,9.302369805548617,284.5672229888064,4.0924707685827695,280.47475222022365,0.0,0.0,0.0,1.0,3.0,2.0,4.0,1.4285714285714286,0.022034247810320977,4.179538931294278,0.4081673792670092,0.0020000052640637934,1.329435949680209,0.0,1.3683957220196723,0.48650000000000004
15,zits-gan,m5,32,5e-05,0.0,10.0,5.0,0.0,0.5,252.0,ok,0.5921944315899667,0.5860783561643835,0.006116075425583123,1.310631466863153,9.040861917808218,7.730230450945065,3.6336956717358913,10.953807364707721,7.32011169297183,11.503374271991726,0.4359440953602216,11.067430176631504,284.5672229888064,-1.7364317290434648,286.3036547178499,0.0,0.0,0.0,22.0,21.0,18.0,9.0,10.0,0.08185487333395396,18.928787197625365,5.479875038354691,0.002000000000429925,1.3437705848753452,0.14300000000000002,1.3846364815950394,0.498
16,zits-gan,m5,64,0.0002,0.0,1.0,10.0,1.0,0.5,243.6,ok,0.5921944315899667,0.5785917808219178,0.013602650768048896,1.310631466863153,0.6792756164383562,0.6313558504247967,3.6336956717358913,0.9914983713924774,2.6421973003434136,11.503374271991726,2.0385384487074676,9.464835823284258,284.5672229888064,7.59724657982429,276.9699764089821,0.0,0.0,0.0,0.0,1.0,3.0,11.0,2.142857142857143,0.04553176817274436,1.6019452960141944,0.9181757215411155,0.0020000000051899943,1.4097994676470758,0.0,1.357751382136345,0.23250000000000004
17,zits-gan,m5,64,5e-05,0.5,10.0,5.0,0.5,1.0,242.7,ok,0.5921944315899667,0.5649353424657534,0.027259089124213265,1.310631466863153,9.28769095890411,7.977059492040956,3.6336956717358913,10.85249519669816,7.218799524962268,11.503374271991726,0.38332600954423546,11.12004826244749,284.5672229888064,-1.7494508493558942,286.3166738381623,0.0,0.0,0.0,21.0,21.0,18.0,9.0,9.857142857142858,0.07981826849242664,18.43466313295832,6.310185835882813,0.0020000185161185473,1.3924640289902688,0.0,1.3917376103758812,0.49750000000000005
18,zits-gan,m5,128,0.0002,0.5,1.0,10.0,0.0,0.5,2375.8,ok,0.5921944315899667,0.5590849315068493,0.033109500083117305,1.310631466863153,9.616188493150686,8.305557026287532,3.6336956717358913,10.95244532468543,7.318749652949538,11.503374271991726,0.296262052886892,11.207112219104834,284.5672229888064,-1.8554079317141066,286.42263092052053,0.0,0.0,0.0,21.0,21.0,18.0,9.0,9.857142857142858,0.08003550105720761,18.8964388993398,9.193868236339933,0.0020000022899032133,1.307794596886635,0.0,1.3627706386089324,0.49950000000000006
19,zits-gan,m5,64,0.0001,0.5,5.0,10.0,0.5,0.5,217.3,ok,0.5921944315899667,0.588508493150685,0.0036859384392816663,1.310631466863153,0.8089506849315069,0.501680781931646,3.6336956717358913,1.1665429057658707,2.4671527659700203,11.503374271991726,1.587138986454236,9.91623528553749,284.5672229888064,3.259623707113138,281.3075992816933,0.0,0.0,0.0,1.0,1.0,3.0,11.0,2.2857142857142856,0.06250926444628675,1.382172733606025,0.9147482644136106,0.0020000007306858487,1.3543394366681576,0.0,1.3881747360944747,0.32099999999999995
20,zits-gan,m5,32,0.0001,0.5,1.0,10.0,2.0,0.5,219.9,ok,0.5921944315899667,0.5487583561643835,0.04343607542558314,1.310631466863153,6.754177534246575,5.443546067383423,3.6336956717358913,7.804143179580043,4.170447507844152,11.503374271991726,0.4520372095904778,11.051337062401249,284.5672229888064,-1.501788494382615,286.069011483189,0.0,0.0,0.0,13.0,15.0,13.0,7.0,6.857142857142857,0.07715116085577772,12.076644738153236,4.382608159830575,0.0020000000054743146,1.3364970107018947,0.266,1.3563050678372384,0.49750000000000005
21,zits-gan,m5,128,0.0001,0.5,1.0,1.0,2.0,0.5,225.5,ok,0.5921944315899667,0.5496224657534247,0.04257196583654199,1.310631466863153,10.536631780821917,9.226000313958764,3.6336956717358913,11.716568974046655,8.082873302310764,11.503374271991726,0.22876484286970114,11.274609429122025,284.5672229888064,-1.926432060537794,286.4936550493442,0.0,0.0,0.0,23.0,21.0,18.0,9.0,10.142857142857142,0.06658552596718366,20.48193214762456,6.909738295990011,0.002000005239699529,1.3306693609654903,0.0,1.362197058403492,0.498
22,zits-gan,m5,128,5e-05,0.5,1.0,20.0,0.0,0.5,220.4,ok,0.5921944315899667,0.5693769863013699,0.02281744528859675,1.310631466863153,2.170716712328767,0.8600852454656143,3.6336956717358913,2.628781460775167,1.0049142109607243,11.503374271991726,0.591883125474802,10.911491146516925,284.5672229888064,-1.1974220402733895,285.7646450290798,0.0,0.0,0.0,4.0,3.0,1.0,7.0,2.142857142857143,0.08031486187386154,3.0660223637376554,0.4444752959509542,0.0020000000008265446,1.347015815114975,0.0,1.3592193295240402,0.48750000000000004
23,zits-gan,m5,32,5e-05,0.5,5.0,10.0,1.0,1.0,225.8,ok,0.5921944315899667,0.5696816438356165,0.022512787754350172,1.310631466863153,7.748148493150685,6.437517026287532,3.6336956717358913,9.30398844343027,5.670292771694379,11.503374271991726,0.5040913414713402,10.999282930520385,284.5672229888064,-1.5210946145951982,286.0883176034016,0.0,0.0,0.0,16.0,19.0,17.0,9.0,8.714285714285714,0.0751772432105025,15.092441821512146,5.603267996431611,0.00200000043528594,1.3064929364085198,0.0,1.3503910323560238,0.49050000000000005
24,zits-gan,m5,64,0.0002,0.0,10.0,5.0,0.0,2.0,259.3,ok,0.5921944315899667,0.8081512328767123,0.21595680128674566,1.310631466863153,1.137635616438356,0.17299585042479682,3.6336956717358913,2.7526257449719087,0.8810699267639825,11.503374271991726,2.474210050338586,9.02916422165314,284.5672229888064,5.285012322458213,279.2822106663482,0.0,0.0,0.0,1.0,3.0,2.0,4.0,1.4285714285714286,0.2141790216516209,3.378122950008317,0.4586285541327202,0.002000002481311816,1.385251708161831,0.0,1.332255137771368,0.4605
25,zits-gan,m5,32,5e-05,0.0,1.0,10.0,2.0,1.0,215.1,ok,0.5921944315899667,0.5250410958904109,0.06715333569955573,1.310631466863153,0.8397621917808219,0.470869275082331,3.6336956717358913,1.093481311712134,2.5402143600237572,11.503374271991726,1.6392032316581229,9.864171040333604,284.5672229888064,5.259897881887181,279.3073251069192,0.0,0.0,0.0,1.0,1.0,3.0,11.0,2.2857142857142856,0.04905346196785007,1.445790213609817,0.911895610980591,0.0020020289515894933,1.3294343334674836,0.0,1.3696024769544601,0.35550000000000004
26,zits-gan,m5,128,5e-05,0.5,10.0,1.0,0.5,2.0,225.2,ok,0.5921944315899667,0.5755408219178082,0.016653609672158454,1.310631466863153,10.158545753424658,8.847914286561505,3.6336956717358913,11.839852956797712,8.20615728506182,11.503374271991726,0.30962513491695665,11.19374913707477,284.5672229888064,-1.9015593807632172,286.4687823695696,0.0,0.0,0.0,23.0,21.0,18.0,9.0,10.142857142857142,0.08059515810791662,21.019738296810406,10.618077533623728,0.002000000133350747,1.3665846232891083,0.20099999999999996,1.3897749930739403,0.498
27,zits-gan,m5,64,5e-05,0.0,5.0,1.0,0.0,0.5,257.7,ok,0.5921944315899667,0.5635304109589041,0.028664020631062548,1.310631466863153,10.459260273972603,9.14862880710945,3.6336956717358913,11.891402051081975,8.257706379346084,11.503374271991726,0.25860267085272004,11.244771601139005,284.5672229888064,-1.9317296244070183,286.4989526132134,0.0,0.0,0.0,23.0,21.0,18.0,9.0,10.142857142857142,0.08080644575685286,21.05014217175466,10.192297844505921,0.00200000000912544,1.4333406228423118,0.017000000000000015,1.3739203318595887,0.499
28,zits-gan,m5,128,0.0002,0.5,10.0,10.0,1.0,0.5,216.6,ok,0.5921944315899667,0.5888016438356164,0.003392787754350257,1.310631466863153,0.7057802739726028,0.6048511928905501,3.6336956717358913,1.0210049907676886,2.6126906809682025,11.503374271991726,1.7299164017608313,9.773457870230894,284.5672229888064,4.789001651946522,279.7782213368599,0.0,0.0,0.0,0.0,1.0,3.0,11.0,2.142857142857143,0.05258683392908516,1.4974650085086951,0.9305735175691182,0.0020000002737969,1.3869777896761895,0.0,1.3757950536847114,0.29900000000000004
29,zits-gan,m5,128,0.0002,0.5,5.0,20.0,0.0,1.0,215.6,ok,0.5921944315899667,0.5756169863013698,0.016577445288596837,1.310631466863153,2.0034279452054795,0.6927964783423266,3.6336956717358913,2.497585305606339,1.1361103661295524,11.503374271991726,0.7144157644753165,10.78895850751641,284.5672229888064,-0.8792161156630249,285.44643910446945,0.0,0.0,0.0,3.0,3.0,0.0,7.0,1.8571428571428572,0.07578916143880227,2.7552228291576153,0.4284703344580666,0.002000000059894931,1.3259411590635777,0.012500000000000011,1.3366809127271175,0.4495
